"STATION","NAME","DATE","PRCP","SNOW","SNWD"
"US1INTP0038","WEST LAFAYETTE 2.2 W, IN US","2018-05-15","0.22",,
"US1INTP0038","WEST LAFAYETTE 2.2 W, IN US","2018-05-16","1.81",,
"US1INTP0038","WEST LAFAYETTE 2.2 W, IN US","2018-05-17","0.00","0.0",
"US1INTP0038","WEST LAFAYETTE 2.2 W, IN US","2018-05-18","0.00","0.0",
"US1INTP0038","WEST LAFAYETTE 2.2 W, IN US","2018-05-19","0.57",,
"US1INTP0038","WEST LAFAYETTE 2.2 W, IN US","2018-05-20","0.03",,
"US1INTP0038","WEST LAFAYETTE 2.2 W, IN US","2018-05-21","0.00","0.0",
"US1INTP0038","WEST LAFAYETTE 2.2 W, IN US","2018-05-22","0.03",,
"US1INTP0038","WEST LAFAYETTE 2.2 W, IN US","2018-05-23","0.00","0.0",
"US1INTP0038","WEST LAFAYETTE 2.2 W, IN US","2018-05-24","0.00","0.0",
"US1INTP0038","WEST LAFAYETTE 2.2 W, IN US","2018-05-25","0.00","0.0",
"US1INTP0038","WEST LAFAYETTE 2.2 W, IN US","2018-05-26","0.00","0.0",
"US1INTP0038","WEST LAFAYETTE 2.2 W, IN US","2018-05-27","0.03",,
"US1INTP0038","WEST LAFAYETTE 2.2 W, IN US","2018-05-28","0.00","0.0",
"US1INTP0038","WEST LAFAYETTE 2.2 W, IN US","2018-05-29","0.00","0.0",
"US1INTP0038","WEST LAFAYETTE 2.2 W, IN US","2018-05-30","0.00","0.0",
"US1INTP0038","WEST LAFAYETTE 2.2 W, IN US","2018-05-31","1.65",,
"US1INTP0038","WEST LAFAYETTE 2.2 W, IN US","2018-06-01","0.15",,
"US1INTP0038","WEST LAFAYETTE 2.2 W, IN US","2018-06-02","0.37",,
"US1INTP0038","WEST LAFAYETTE 2.2 W, IN US","2018-06-03","0.00","0.0",
"US1INTP0038","WEST LAFAYETTE 2.2 W, IN US","2018-06-04","0.00","0.0",
"US1INTP0038","WEST LAFAYETTE 2.2 W, IN US","2018-06-05","0.00","0.0",
"US1INTP0038","WEST LAFAYETTE 2.2 W, IN US","2018-06-06","0.00","0.0",
"US1INTP0038","WEST LAFAYETTE 2.2 W, IN US","2018-06-07","0.00","0.0",
"US1INTP0038","WEST LAFAYETTE 2.2 W, IN US","2018-06-08","0.43",,
"US1INTP0038","WEST LAFAYETTE 2.2 W, IN US","2018-06-09","0.02",,
"US1INTP0038","WEST LAFAYETTE 2.2 W, IN US","2018-06-10","1.02",,
"US1INTP0038","WEST LAFAYETTE 2.2 W, IN US","2018-06-11","1.08",,
"US1INTP0038","WEST LAFAYETTE 2.2 W, IN US","2018-06-12","0.00","0.0",
"US1INTP0038","WEST LAFAYETTE 2.2 W, IN US","2018-06-13","0.00","0.0",
"US1INTP0038","WEST LAFAYETTE 2.2 W, IN US","2018-06-14","0.01",,
"US1INTP0038","WEST LAFAYETTE 2.2 W, IN US","2018-06-15","0.00","0.0",
"US1INTP0038","WEST LAFAYETTE 2.2 W, IN US","2018-06-16","0.00","0.0",
"US1INTP0038","WEST LAFAYETTE 2.2 W, IN US","2018-06-17","0.00","0.0",
"US1INTP0038","WEST LAFAYETTE 2.2 W, IN US","2018-06-18","0.00","0.0",
"US1INTP0038","WEST LAFAYETTE 2.2 W, IN US","2018-06-19","0.00","0.0",
"US1INTP0038","WEST LAFAYETTE 2.2 W, IN US","2018-06-20","0.35",,
"US1INTP0038","WEST LAFAYETTE 2.2 W, IN US","2018-06-21","0.06",,
"US1INTP0038","WEST LAFAYETTE 2.2 W, IN US","2018-06-22","1.48",,
"US1INTP0038","WEST LAFAYETTE 2.2 W, IN US","2018-06-23","0.37",,
"US1INTP0038","WEST LAFAYETTE 2.2 W, IN US","2018-06-24","0.00","0.0",
"US1INTP0038","WEST LAFAYETTE 2.2 W, IN US","2018-06-25","0.00",,
"US1INTP0038","WEST LAFAYETTE 2.2 W, IN US","2018-06-26","0.00","0.0",
"US1INTP0038","WEST LAFAYETTE 2.2 W, IN US","2018-06-27","0.11",,
"US1INTP0038","WEST LAFAYETTE 2.2 W, IN US","2018-06-28","0.00","0.0",
"US1INTP0038","WEST LAFAYETTE 2.2 W, IN US","2018-06-29","0.00","0.0",
"US1INTP0038","WEST LAFAYETTE 2.2 W, IN US","2018-06-30","0.00","0.0",
"US1INTP0038","WEST LAFAYETTE 2.2 W, IN US","2018-07-01","0.00","0.0",
"US1INTP0038","WEST LAFAYETTE 2.2 W, IN US","2018-07-02","0.06",,
"US1INTP0038","WEST LAFAYETTE 2.2 W, IN US","2018-07-03","0.00","0.0",
"US1INTP0038","WEST LAFAYETTE 2.2 W, IN US","2018-07-04","0.00","0.0",
"US1INTP0038","WEST LAFAYETTE 2.2 W, IN US","2018-07-05","0.00","0.0",
"US1INTP0038","WEST LAFAYETTE 2.2 W, IN US","2018-07-06","1.12",,
"US1INTP0038","WEST LAFAYETTE 2.2 W, IN US","2018-07-07","0.00","0.0",
"US1INTP0038","WEST LAFAYETTE 2.2 W, IN US","2018-07-08","0.00","0.0",
"US1INTP0038","WEST LAFAYETTE 2.2 W, IN US","2018-07-09","0.00","0.0",
"US1INTP0038","WEST LAFAYETTE 2.2 W, IN US","2018-07-10","0.00","0.0",
"US1INTP0038","WEST LAFAYETTE 2.2 W, IN US","2018-07-11","0.41",,
"US1INTP0038","WEST LAFAYETTE 2.2 W, IN US","2018-07-12","0.00","0.0",
"US1INTP0038","WEST LAFAYETTE 2.2 W, IN US","2018-07-13","0.00","0.0",
"US1INTP0038","WEST LAFAYETTE 2.2 W, IN US","2018-07-14","0.00","0.0",
"US1INTP0038","WEST LAFAYETTE 2.2 W, IN US","2018-07-15","0.00","0.0",
"US1INTP0038","WEST LAFAYETTE 2.2 W, IN US","2018-07-16","0.00","0.0",
"US1INTP0038","WEST LAFAYETTE 2.2 W, IN US","2018-07-17","0.00","0.0",
"US1INTP0038","WEST LAFAYETTE 2.2 W, IN US","2018-07-18","0.00","0.0",
"US1INTP0038","WEST LAFAYETTE 2.2 W, IN US","2018-07-19","0.00","0.0",
"US1INTP0038","WEST LAFAYETTE 2.2 W, IN US","2018-07-20","0.01",,
"US1INTP0038","WEST LAFAYETTE 2.2 W, IN US","2018-07-21","0.07",,
"US1INTP0038","WEST LAFAYETTE 2.2 W, IN US","2018-07-22","0.09",,
"US1INTP0038","WEST LAFAYETTE 2.2 W, IN US","2018-07-23","0.07",,
"US1INTP0038","WEST LAFAYETTE 2.2 W, IN US","2018-07-24","0.00","0.0",
"US1INTP0038","WEST LAFAYETTE 2.2 W, IN US","2018-07-25","0.00","0.0",
"US1INTP0038","WEST LAFAYETTE 2.2 W, IN US","2018-07-26","0.00","0.0",
"US1INTP0038","WEST LAFAYETTE 2.2 W, IN US","2018-07-27","0.00","0.0",
"US1INTP0038","WEST LAFAYETTE 2.2 W, IN US","2018-07-28","0.00","0.0",
"US1INTP0038","WEST LAFAYETTE 2.2 W, IN US","2018-07-29","0.00","0.0",
"US1INTP0038","WEST LAFAYETTE 2.2 W, IN US","2018-07-30","0.59",,
"US1INTP0038","WEST LAFAYETTE 2.2 W, IN US","2018-07-31","0.14",,
"US1INTP0038","WEST LAFAYETTE 2.2 W, IN US","2018-08-01","0.71",,
"US1INTP0038","WEST LAFAYETTE 2.2 W, IN US","2018-08-02","0.00","0.0",
"US1INTP0038","WEST LAFAYETTE 2.2 W, IN US","2018-08-03","0.33",,
"US1INTP0038","WEST LAFAYETTE 2.2 W, IN US","2018-08-04","0.00","0.0",
"US1INTP0038","WEST LAFAYETTE 2.2 W, IN US","2018-08-05","0.00","0.0",
"US1INTP0038","WEST LAFAYETTE 2.2 W, IN US","2018-08-06","0.00","0.0",
"US1INTP0038","WEST LAFAYETTE 2.2 W, IN US","2018-08-07","0.66",,
"US1INTP0038","WEST LAFAYETTE 2.2 W, IN US","2018-08-08","0.11",,
"US1INTP0038","WEST LAFAYETTE 2.2 W, IN US","2018-08-09","0.01",,
"US1INTP0038","WEST LAFAYETTE 2.2 W, IN US","2018-08-10","0.00","0.0",
"US1INTP0038","WEST LAFAYETTE 2.2 W, IN US","2018-08-11","0.00",,
"US1INTP0038","WEST LAFAYETTE 2.2 W, IN US","2018-08-12","0.00","0.0",
"US1INTP0038","WEST LAFAYETTE 2.2 W, IN US","2018-08-13","0.00","0.0",
"US1INTP0038","WEST LAFAYETTE 2.2 W, IN US","2018-08-14","0.00","0.0",
"US1INTP0038","WEST LAFAYETTE 2.2 W, IN US","2018-08-15","0.00","0.0",
"US1INTP0038","WEST LAFAYETTE 2.2 W, IN US","2018-08-16","0.66",,
"US1INTP0038","WEST LAFAYETTE 2.2 W, IN US","2018-08-17","0.87",,
"US1INTP0038","WEST LAFAYETTE 2.2 W, IN US","2018-08-18","0.73",,
"US1INTP0038","WEST LAFAYETTE 2.2 W, IN US","2018-08-19","0.00","0.0",
"US1INTP0038","WEST LAFAYETTE 2.2 W, IN US","2018-08-20","0.00","0.0",
"US1INTP0038","WEST LAFAYETTE 2.2 W, IN US","2018-08-21","0.91",,
"US1INTP0038","WEST LAFAYETTE 2.2 W, IN US","2018-08-22","0.02",,
"US1INTP0038","WEST LAFAYETTE 2.2 W, IN US","2018-08-23","0.00","0.0",
"US1INTP0038","WEST LAFAYETTE 2.2 W, IN US","2018-08-24","0.00","0.0",
"US1INTP0038","WEST LAFAYETTE 2.2 W, IN US","2018-08-25","0.02",,
"US1INTP0038","WEST LAFAYETTE 2.2 W, IN US","2018-08-26","0.23",,
"US1INTP0038","WEST LAFAYETTE 2.2 W, IN US","2018-08-27","0.00","0.0",
"US1INTP0038","WEST LAFAYETTE 2.2 W, IN US","2018-08-28","0.00","0.0",
"US1INTP0038","WEST LAFAYETTE 2.2 W, IN US","2018-08-29","0.30",,
"US1INTP0038","WEST LAFAYETTE 2.2 W, IN US","2018-08-30","0.02",,
"US1INTP0038","WEST LAFAYETTE 2.2 W, IN US","2018-08-31","0.00","0.0",
"US1INTP0038","WEST LAFAYETTE 2.2 W, IN US","2018-09-01","0.00","0.0",
"US1INTP0038","WEST LAFAYETTE 2.2 W, IN US","2018-09-02","0.00","0.0",
"US1INTP0038","WEST LAFAYETTE 2.2 W, IN US","2018-09-03","0.00",,
"US1INTP0038","WEST LAFAYETTE 2.2 W, IN US","2018-09-04","0.00","0.0",
"US1INTP0038","WEST LAFAYETTE 2.2 W, IN US","2018-09-05","0.00","0.0",
"US1INTP0038","WEST LAFAYETTE 2.2 W, IN US","2018-09-06","0.00","0.0",
"US1INTP0038","WEST LAFAYETTE 2.2 W, IN US","2018-09-07","0.13",,
"US1INTP0038","WEST LAFAYETTE 2.2 W, IN US","2018-09-08","1.68",,
"US1INTP0038","WEST LAFAYETTE 2.2 W, IN US","2018-09-09","0.63",,
"US1INTP0038","WEST LAFAYETTE 2.2 W, IN US","2018-09-10","0.03",,
"US1INTP0038","WEST LAFAYETTE 2.2 W, IN US","2018-09-11","0.00","0.0",
"US1INTP0038","WEST LAFAYETTE 2.2 W, IN US","2018-09-12","0.00","0.0",
"US1INTP0038","WEST LAFAYETTE 2.2 W, IN US","2018-09-13","0.00","0.0",
"US1INTP0038","WEST LAFAYETTE 2.2 W, IN US","2018-09-14","0.00","0.0",
"US1INTP0038","WEST LAFAYETTE 2.2 W, IN US","2018-09-15","0.00","0.0",
"US1INTP0038","WEST LAFAYETTE 2.2 W, IN US","2018-09-16","0.00","0.0",
"US1INTP0038","WEST LAFAYETTE 2.2 W, IN US","2018-09-17","0.00","0.0",
"US1INTP0038","WEST LAFAYETTE 2.2 W, IN US","2018-09-18","0.00","0.0",
"US1INTP0038","WEST LAFAYETTE 2.2 W, IN US","2018-09-19","0.01",,
"US1INTP0038","WEST LAFAYETTE 2.2 W, IN US","2018-09-20","0.00","0.0",
"US1INTP0038","WEST LAFAYETTE 2.2 W, IN US","2018-09-21","0.00","0.0",
"US1INTP0038","WEST LAFAYETTE 2.2 W, IN US","2018-09-22","0.17",,
"US1INTP0038","WEST LAFAYETTE 2.2 W, IN US","2018-09-23","0.00","0.0",
"US1INTP0038","WEST LAFAYETTE 2.2 W, IN US","2018-09-24","0.00","0.0",
"US1INTP0038","WEST LAFAYETTE 2.2 W, IN US","2018-09-25","0.05",,
"US1INTP0038","WEST LAFAYETTE 2.2 W, IN US","2018-09-26","0.69",,
"US1INTP0038","WEST LAFAYETTE 2.2 W, IN US","2018-09-27","0.00","0.0",
"US1INTP0038","WEST LAFAYETTE 2.2 W, IN US","2018-09-28","0.00","0.0",
"US1INTP0038","WEST LAFAYETTE 2.2 W, IN US","2018-09-29","0.00","0.0",
"US1INTP0038","WEST LAFAYETTE 2.2 W, IN US","2018-09-30","0.00","0.0",
"US1INTP0038","WEST LAFAYETTE 2.2 W, IN US","2018-10-01","0.00","0.0",
"US1INTP0038","WEST LAFAYETTE 2.2 W, IN US","2018-10-02","0.00","0.0",
"US1INTP0038","WEST LAFAYETTE 2.2 W, IN US","2018-10-03","0.00","0.0",
"US1INTP0038","WEST LAFAYETTE 2.2 W, IN US","2018-10-04","0.11",,
"US1INTP0038","WEST LAFAYETTE 2.2 W, IN US","2018-10-05","1.52",,
"US1INTP0038","WEST LAFAYETTE 2.2 W, IN US","2018-10-06","0.81",,
"US1INTP0038","WEST LAFAYETTE 2.2 W, IN US","2018-10-07","0.72",,
"US1INTP0038","WEST LAFAYETTE 2.2 W, IN US","2018-10-08","0.09",,
"US1INTP0038","WEST LAFAYETTE 2.2 W, IN US","2018-10-09","0.00","0.0",
"US1INTP0038","WEST LAFAYETTE 2.2 W, IN US","2018-10-10","0.00","0.0",
"US1INTP0038","WEST LAFAYETTE 2.2 W, IN US","2018-10-11","1.44",,
"US1INTP0038","WEST LAFAYETTE 2.2 W, IN US","2018-10-12","0.00","0.0",
"US1INTP0038","WEST LAFAYETTE 2.2 W, IN US","2018-10-13","0.19",,
"US1INTP0038","WEST LAFAYETTE 2.2 W, IN US","2018-10-14","0.00","0.0",
"US1INTP0038","WEST LAFAYETTE 2.2 W, IN US","2018-10-15","0.02",,
"US1INTP0038","WEST LAFAYETTE 2.2 W, IN US","2018-10-16","0.00","0.0",
"US1INTP0038","WEST LAFAYETTE 2.2 W, IN US","2018-10-17","0.00","0.0",
"US1INTP0038","WEST LAFAYETTE 2.2 W, IN US","2018-10-18","0.00","0.0",
"US1INTP0038","WEST LAFAYETTE 2.2 W, IN US","2018-10-19","0.00","0.0",
"US1INTP0038","WEST LAFAYETTE 2.2 W, IN US","2018-10-20","0.01",,
"US1INTP0038","WEST LAFAYETTE 2.2 W, IN US","2018-10-21","0.00","0.0",
"US1INTP0038","WEST LAFAYETTE 2.2 W, IN US","2018-10-22","0.00","0.0",
"US1INTP0038","WEST LAFAYETTE 2.2 W, IN US","2018-10-23","0.00","0.0",
"US1INTP0038","WEST LAFAYETTE 2.2 W, IN US","2018-10-24","0.00","0.0",
"US1INTP0038","WEST LAFAYETTE 2.2 W, IN US","2018-10-25","0.00","0.0",
"US1INTP0038","WEST LAFAYETTE 2.2 W, IN US","2018-10-26","0.04",,
"US1INTP0038","WEST LAFAYETTE 2.2 W, IN US","2018-10-27","0.19",,
"US1INTP0038","WEST LAFAYETTE 2.2 W, IN US","2018-10-28","0.02",,
"US1INTP0038","WEST LAFAYETTE 2.2 W, IN US","2018-10-29","0.18",,
"US1INTP0038","WEST LAFAYETTE 2.2 W, IN US","2018-10-30","0.00","0.0",
"US1INTP0038","WEST LAFAYETTE 2.2 W, IN US","2018-10-31","0.32",,
"US1INTP0038","WEST LAFAYETTE 2.2 W, IN US","2018-11-01","0.41",,
"US1INTP0038","WEST LAFAYETTE 2.2 W, IN US","2018-11-02","0.96",,
"US1INTP0038","WEST LAFAYETTE 2.2 W, IN US","2018-11-03","0.00","0.0",
"US1INTP0038","WEST LAFAYETTE 2.2 W, IN US","2018-11-04","0.00","0.0",
"US1INTP0038","WEST LAFAYETTE 2.2 W, IN US","2018-11-05","0.12",,
"US1INTP0038","WEST LAFAYETTE 2.2 W, IN US","2018-11-06","0.18",,
"US1INTP0038","WEST LAFAYETTE 2.2 W, IN US","2018-11-07","0.00",,
"US1INTP0038","WEST LAFAYETTE 2.2 W, IN US","2018-11-08","0.00","0.0",
"US1INTP0038","WEST LAFAYETTE 2.2 W, IN US","2018-11-09","0.09",,
"US1INTP0038","WEST LAFAYETTE 2.2 W, IN US","2018-11-10","0.03",,
"US1INTP0038","WEST LAFAYETTE 2.2 W, IN US","2018-11-11","0.00","0.0",
"US1INTP0038","WEST LAFAYETTE 2.2 W, IN US","2018-11-12","0.00","0.0",
"US1INTP0038","WEST LAFAYETTE 2.2 W, IN US","2018-11-13","0.04",,
"US1INTP0038","WEST LAFAYETTE 2.2 W, IN US","2018-11-14","0.00","0.0",
"US1INTP0038","WEST LAFAYETTE 2.2 W, IN US","2018-11-15","0.22",,
"US1INTP0038","WEST LAFAYETTE 2.2 W, IN US","2018-11-16","0.01",,
"US1INTP0038","WEST LAFAYETTE 2.2 W, IN US","2018-11-17","0.00","0.0",
"US1INTP0038","WEST LAFAYETTE 2.2 W, IN US","2018-11-18","0.02",,
"US1INTP0038","WEST LAFAYETTE 2.2 W, IN US","2018-11-19","0.00","0.0",
"US1INTP0038","WEST LAFAYETTE 2.2 W, IN US","2018-11-20","0.01",,
"US1INTP0038","WEST LAFAYETTE 2.2 W, IN US","2018-11-21","0.00","0.0",
"US1INTP0038","WEST LAFAYETTE 2.2 W, IN US","2020-04-05","0.11",,
"US1INTP0038","WEST LAFAYETTE 2.2 W, IN US","2020-04-06","0.00","0.0",
"US1INTP0038","WEST LAFAYETTE 2.2 W, IN US","2020-04-07","0.00","0.0",
"US1INTP0038","WEST LAFAYETTE 2.2 W, IN US","2020-04-08","0.00","0.0",
"US1INTP0038","WEST LAFAYETTE 2.2 W, IN US","2020-04-09","0.10",,
"US1INTP0038","WEST LAFAYETTE 2.2 W, IN US","2020-04-10","0.02",,
"US1INTP0038","WEST LAFAYETTE 2.2 W, IN US","2020-04-11","0.00","0.0",
"US1INTP0038","WEST LAFAYETTE 2.2 W, IN US","2020-04-12","0.20",,
"US1INTP0038","WEST LAFAYETTE 2.2 W, IN US","2020-04-13","0.08",,
"US1INTP0038","WEST LAFAYETTE 2.2 W, IN US","2020-04-14","0.00","0.0",
"US1INTP0038","WEST LAFAYETTE 2.2 W, IN US","2020-04-15","0.00","0.0",
"US1INTP0038","WEST LAFAYETTE 2.2 W, IN US","2020-04-16","0.06",,
"US1INTP0038","WEST LAFAYETTE 2.2 W, IN US","2020-04-17","0.12",,
"US1INTP0038","WEST LAFAYETTE 2.2 W, IN US","2020-04-18","0.18",,
"US1INTP0038","WEST LAFAYETTE 2.2 W, IN US","2020-04-19","0.00","0.0",
"US1INTP0038","WEST LAFAYETTE 2.2 W, IN US","2020-04-20","0.00","0.0",
"US1INTP0038","WEST LAFAYETTE 2.2 W, IN US","2020-04-21","0.00","0.0",
"US1INTP0038","WEST LAFAYETTE 2.2 W, IN US","2020-04-22","0.00","0.0",
"US1INTP0038","WEST LAFAYETTE 2.2 W, IN US","2020-04-23","0.00",,
"US1INTP0038","WEST LAFAYETTE 2.2 W, IN US","2020-04-24","0.46",,
"US1INTP0038","WEST LAFAYETTE 2.2 W, IN US","2020-04-25","0.00","0.0",
"US1INTP0038","WEST LAFAYETTE 2.2 W, IN US","2020-04-26","0.82",,
"US1INTP0038","WEST LAFAYETTE 2.2 W, IN US","2020-04-27","0.00","0.0",
"US1INTP0038","WEST LAFAYETTE 2.2 W, IN US","2020-04-28","0.00",,
"US1INTP0038","WEST LAFAYETTE 2.2 W, IN US","2020-04-29","0.59",,
"US1INTP0038","WEST LAFAYETTE 2.2 W, IN US","2020-04-30","0.65",,
"US1INTP0038","WEST LAFAYETTE 2.2 W, IN US","2020-05-01","0.00","0.0",
"US1INTP0038","WEST LAFAYETTE 2.2 W, IN US","2020-05-02","0.00",,
"US1INTP0038","WEST LAFAYETTE 2.2 W, IN US","2020-05-03","0.11",,
"US1INTP0038","WEST LAFAYETTE 2.2 W, IN US","2020-05-04","0.06",,
"US1INTP0038","WEST LAFAYETTE 2.2 W, IN US","2020-05-05","0.03",,
"US1INTP0038","WEST LAFAYETTE 2.2 W, IN US","2020-05-06","0.13",,
"US1INTP0038","WEST LAFAYETTE 2.2 W, IN US","2020-05-07","0.00","0.0",
"US1INTP0038","WEST LAFAYETTE 2.2 W, IN US","2020-05-08","0.01",,
"US1INTP0038","WEST LAFAYETTE 2.2 W, IN US","2020-05-09","0.00","0.0",
"US1INTP0038","WEST LAFAYETTE 2.2 W, IN US","2020-05-10","0.00","0.0",
"US1INTP0038","WEST LAFAYETTE 2.2 W, IN US","2020-05-11","0.11",,
"US1INTP0038","WEST LAFAYETTE 2.2 W, IN US","2020-05-12","0.00",,
"US1INTP0038","WEST LAFAYETTE 2.2 W, IN US","2020-05-13","0.00","0.0",
"US1INTP0038","WEST LAFAYETTE 2.2 W, IN US","2020-05-14","0.00","0.0",
"US1INTP0038","WEST LAFAYETTE 2.2 W, IN US","2020-05-15","0.33",,
"US1INTP0038","WEST LAFAYETTE 2.2 W, IN US","2020-05-16","0.25",,
"US1INTP0038","WEST LAFAYETTE 2.2 W, IN US","2020-05-17","0.49",,
"US1INTP0038","WEST LAFAYETTE 2.2 W, IN US","2020-05-18","0.71",,
"US1INTP0038","WEST LAFAYETTE 2.2 W, IN US","2020-05-19","0.06",,
"US1INTP0038","WEST LAFAYETTE 2.2 W, IN US","2020-05-20","0.25",,
"US1INTP0038","WEST LAFAYETTE 2.2 W, IN US","2020-05-21","0.00","0.0",
"US1INTP0038","WEST LAFAYETTE 2.2 W, IN US","2020-05-22","0.00","0.0",
"US1INTP0038","WEST LAFAYETTE 2.2 W, IN US","2020-05-23","0.00","0.0",
"US1INTP0038","WEST LAFAYETTE 2.2 W, IN US","2020-05-24","0.00","0.0",
"US1INTP0038","WEST LAFAYETTE 2.2 W, IN US","2020-05-25","0.02",,
"US1INTP0038","WEST LAFAYETTE 2.2 W, IN US","2020-05-26","0.54",,
"US1INTP0038","WEST LAFAYETTE 2.2 W, IN US","2020-05-27","0.06",,
"US1INTP0038","WEST LAFAYETTE 2.2 W, IN US","2020-05-28","0.02",,
"US1INTP0038","WEST LAFAYETTE 2.2 W, IN US","2020-05-29","0.14",,
"US1INTP0038","WEST LAFAYETTE 2.2 W, IN US","2020-05-30","0.00",,
"US1INTP0038","WEST LAFAYETTE 2.2 W, IN US","2020-05-31","0.00","0.0",
"US1INTP0038","WEST LAFAYETTE 2.2 W, IN US","2020-06-01","0.00","0.0",
"US1INTP0038","WEST LAFAYETTE 2.2 W, IN US","2020-06-02","0.00",,
"US1INTP0038","WEST LAFAYETTE 2.2 W, IN US","2020-06-03","0.00","0.0",
"US1INTP0038","WEST LAFAYETTE 2.2 W, IN US","2020-06-04","0.21",,
"US1INTP0038","WEST LAFAYETTE 2.2 W, IN US","2020-06-05","0.00","0.0",
"US1INTP0038","WEST LAFAYETTE 2.2 W, IN US","2020-06-06","0.00","0.0",
"US1INTP0038","WEST LAFAYETTE 2.2 W, IN US","2020-06-07","0.00","0.0",
"US1INTP0038","WEST LAFAYETTE 2.2 W, IN US","2020-06-08","0.00","0.0",
"US1INTP0038","WEST LAFAYETTE 2.2 W, IN US","2020-06-09","0.00","0.0",
"US1INTP0038","WEST LAFAYETTE 2.2 W, IN US","2020-06-10","0.39",,
"US1INTP0038","WEST LAFAYETTE 2.2 W, IN US","2020-06-11","0.00","0.0",
"US1INTP0038","WEST LAFAYETTE 2.2 W, IN US","2020-06-12","0.00","0.0",
"US1INTP0038","WEST LAFAYETTE 2.2 W, IN US","2020-06-13","0.00","0.0",
"US1INTP0038","WEST LAFAYETTE 2.2 W, IN US","2020-06-14","0.00","0.0",
"US1INTP0038","WEST LAFAYETTE 2.2 W, IN US","2020-06-15","0.00","0.0",
"US1INTP0038","WEST LAFAYETTE 2.2 W, IN US","2020-06-16","0.00","0.0",
"US1INTP0038","WEST LAFAYETTE 2.2 W, IN US","2020-06-17","0.00","0.0",
"US1INTP0038","WEST LAFAYETTE 2.2 W, IN US","2020-06-18","0.00","0.0",
"US1INTP0038","WEST LAFAYETTE 2.2 W, IN US","2020-06-19","0.00","0.0",
"US1INTP0038","WEST LAFAYETTE 2.2 W, IN US","2020-06-20","0.00","0.0",
"US1INTP0038","WEST LAFAYETTE 2.2 W, IN US","2020-06-21","0.06",,
"US1INTP0038","WEST LAFAYETTE 2.2 W, IN US","2020-06-22","0.05",,
"US1INTP0038","WEST LAFAYETTE 2.2 W, IN US","2020-06-23","0.33",,
"US1INTP0038","WEST LAFAYETTE 2.2 W, IN US","2020-06-24","0.00","0.0",
"US1INTP0038","WEST LAFAYETTE 2.2 W, IN US","2020-06-25","0.00","0.0",
"US1INTP0038","WEST LAFAYETTE 2.2 W, IN US","2020-06-26","0.00",,
"US1INTP0038","WEST LAFAYETTE 2.2 W, IN US","2020-06-27","0.51","0.0",
"US1INTP0038","WEST LAFAYETTE 2.2 W, IN US","2020-06-28","0.71",,
"US1INTP0038","WEST LAFAYETTE 2.2 W, IN US","2020-06-29","0.00",,
"US1INTP0038","WEST LAFAYETTE 2.2 W, IN US","2020-06-30","0.06",,
"US1INTP0038","WEST LAFAYETTE 2.2 W, IN US","2020-07-01","0.23",,
"US1INTP0038","WEST LAFAYETTE 2.2 W, IN US","2020-07-02","0.00","0.0",
"US1INTP0038","WEST LAFAYETTE 2.2 W, IN US","2020-07-03","0.00","0.0",
"US1INTP0038","WEST LAFAYETTE 2.2 W, IN US","2020-07-04","0.00","0.0",
"US1INTP0038","WEST LAFAYETTE 2.2 W, IN US","2020-07-05","0.00","0.0",
"US1INTP0038","WEST LAFAYETTE 2.2 W, IN US","2020-07-06","0.00","0.0",
"US1INTP0038","WEST LAFAYETTE 2.2 W, IN US","2020-07-07","0.00",,
"US1INTP0038","WEST LAFAYETTE 2.2 W, IN US","2020-07-08","0.02",,
"US1INTP0038","WEST LAFAYETTE 2.2 W, IN US","2020-07-09","0.00","0.0",
"US1INTP0038","WEST LAFAYETTE 2.2 W, IN US","2020-07-10","0.37",,
"US1INTP0038","WEST LAFAYETTE 2.2 W, IN US","2020-07-11","0.07",,
"US1INTP0038","WEST LAFAYETTE 2.2 W, IN US","2020-07-12","0.93",,
"US1INTP0038","WEST LAFAYETTE 2.2 W, IN US","2020-07-13","0.00","0.0",
"US1INTP0038","WEST LAFAYETTE 2.2 W, IN US","2020-07-14","0.00","0.0",
"US1INTP0038","WEST LAFAYETTE 2.2 W, IN US","2020-07-15","0.00","0.0",
"US1INTP0038","WEST LAFAYETTE 2.2 W, IN US","2020-07-16","0.31",,
"US1INTP0038","WEST LAFAYETTE 2.2 W, IN US","2020-07-17","0.02",,
"US1INTP0038","WEST LAFAYETTE 2.2 W, IN US","2020-07-18","0.00","0.0",
"US1INTP0038","WEST LAFAYETTE 2.2 W, IN US","2020-07-19","0.00","0.0",
"US1INTP0038","WEST LAFAYETTE 2.2 W, IN US","2020-07-20","0.13",,
"US1INTP0038","WEST LAFAYETTE 2.2 W, IN US","2020-07-21","0.00","0.0",
"US1INTP0038","WEST LAFAYETTE 2.2 W, IN US","2020-07-22","0.39",,
"US1INTP0038","WEST LAFAYETTE 2.2 W, IN US","2020-07-23","0.01",,
"US1INTP0038","WEST LAFAYETTE 2.2 W, IN US","2020-07-24","0.00","0.0",
"US1INTP0038","WEST LAFAYETTE 2.2 W, IN US","2020-07-25","0.00","0.0",
"US1INTP0038","WEST LAFAYETTE 2.2 W, IN US","2020-07-26","0.00","0.0",
"US1INTP0038","WEST LAFAYETTE 2.2 W, IN US","2020-07-27","0.00","0.0",
"US1INTP0038","WEST LAFAYETTE 2.2 W, IN US","2020-07-28","0.48",,
"US1INTP0038","WEST LAFAYETTE 2.2 W, IN US","2020-07-29","0.00","0.0",
"US1INTP0038","WEST LAFAYETTE 2.2 W, IN US","2020-07-30","0.00","0.0",
"US1INTP0038","WEST LAFAYETTE 2.2 W, IN US","2020-07-31","0.01",,
"US1INTP0038","WEST LAFAYETTE 2.2 W, IN US","2020-08-01","0.43","0.0",
"US1INTP0038","WEST LAFAYETTE 2.2 W, IN US","2020-08-02","1.11",,
"US1INTP0038","WEST LAFAYETTE 2.2 W, IN US","2020-08-03","0.26",,
"US1INTP0038","WEST LAFAYETTE 2.2 W, IN US","2020-08-04","0.00","0.0",
"US1INTP0038","WEST LAFAYETTE 2.2 W, IN US","2020-08-05","0.00","0.0",
"US1INTP0038","WEST LAFAYETTE 2.2 W, IN US","2020-08-06","0.00","0.0",
"US1INTP0038","WEST LAFAYETTE 2.2 W, IN US","2020-08-07","0.00","0.0",
"US1INTP0038","WEST LAFAYETTE 2.2 W, IN US","2020-08-08","0.00","0.0",
"US1INTP0038","WEST LAFAYETTE 2.2 W, IN US","2020-08-09","0.00","0.0",
"US1INTP0038","WEST LAFAYETTE 2.2 W, IN US","2020-08-10","0.05",,
"US1INTP0038","WEST LAFAYETTE 2.2 W, IN US","2020-08-11","0.31",,
"US1INTP0038","WEST LAFAYETTE 2.2 W, IN US","2020-08-12","0.00","0.0",
"US1INTP0038","WEST LAFAYETTE 2.2 W, IN US","2020-08-13","0.00","0.0",
"US1INTP0038","WEST LAFAYETTE 2.2 W, IN US","2020-08-14","0.00","0.0",
"US1INTP0038","WEST LAFAYETTE 2.2 W, IN US","2020-08-15","0.00","0.0",
"US1INTP0038","WEST LAFAYETTE 2.2 W, IN US","2020-08-16","0.00","0.0",
"US1INTP0038","WEST LAFAYETTE 2.2 W, IN US","2020-08-17","0.00","0.0",
"US1INTP0038","WEST LAFAYETTE 2.2 W, IN US","2020-08-18","0.07",,
"US1INTP0038","WEST LAFAYETTE 2.2 W, IN US","2020-08-19","0.00","0.0",
"US1INTP0038","WEST LAFAYETTE 2.2 W, IN US","2020-08-20","0.00","0.0",
"US1INTP0038","WEST LAFAYETTE 2.2 W, IN US","2020-08-21","0.00","0.0",
"US1INTP0038","WEST LAFAYETTE 2.2 W, IN US","2020-08-22","0.00","0.0",
"US1INTP0038","WEST LAFAYETTE 2.2 W, IN US","2020-08-23","0.00","0.0",
"US1INTP0038","WEST LAFAYETTE 2.2 W, IN US","2020-08-24","0.00","0.0",
"US1INTP0038","WEST LAFAYETTE 2.2 W, IN US","2020-08-25","0.00","0.0",
"US1INTP0038","WEST LAFAYETTE 2.2 W, IN US","2020-08-26","0.00","0.0",
"US1INTP0038","WEST LAFAYETTE 2.2 W, IN US","2020-08-27","0.00","0.0",
"US1INTP0038","WEST LAFAYETTE 2.2 W, IN US","2020-08-28","0.00",,
"US1INTP0038","WEST LAFAYETTE 2.2 W, IN US","2020-08-29","0.20",,
"US1INTP0038","WEST LAFAYETTE 2.2 W, IN US","2020-08-30","0.00","0.0",
"US1INTP0038","WEST LAFAYETTE 2.2 W, IN US","2020-08-31","0.00","0.0",
"US1INTP0038","WEST LAFAYETTE 2.2 W, IN US","2020-09-01","0.00","0.0",
"US1INTP0038","WEST LAFAYETTE 2.2 W, IN US","2020-09-02","0.72",,
"US1INTP0038","WEST LAFAYETTE 2.2 W, IN US","2020-09-03","0.00",,
"US1INTP0038","WEST LAFAYETTE 2.2 W, IN US","2020-09-04","0.00","0.0",
"US1INTP0038","WEST LAFAYETTE 2.2 W, IN US","2020-09-05","0.00","0.0",
"US1INTP0038","WEST LAFAYETTE 2.2 W, IN US","2020-09-06","0.00","0.0",
"US1INTP0038","WEST LAFAYETTE 2.2 W, IN US","2020-09-07","0.36",,
"US1INTP0038","WEST LAFAYETTE 2.2 W, IN US","2020-09-08","0.23",,
"US1INTP0038","WEST LAFAYETTE 2.2 W, IN US","2020-09-09","0.21",,
"US1INTP0038","WEST LAFAYETTE 2.2 W, IN US","2020-09-10","0.00",,
"US1INTP0038","WEST LAFAYETTE 2.2 W, IN US","2020-09-11","0.00",,
"US1INTP0038","WEST LAFAYETTE 2.2 W, IN US","2020-09-12","0.00","0.0",
"US1INTP0038","WEST LAFAYETTE 2.2 W, IN US","2020-09-13","0.52",,
"US1INTP0038","WEST LAFAYETTE 2.2 W, IN US","2020-09-14","0.00","0.0",
"US1INTP0038","WEST LAFAYETTE 2.2 W, IN US","2020-09-23","0.00","0.0",
"US1INTP0038","WEST LAFAYETTE 2.2 W, IN US","2020-09-24","0.00","0.0",
"US1INTP0038","WEST LAFAYETTE 2.2 W, IN US","2020-09-25","0.00","0.0",
"US1INTP0038","WEST LAFAYETTE 2.2 W, IN US","2020-09-26","0.00","0.0",
"US1INTP0038","WEST LAFAYETTE 2.2 W, IN US","2020-09-27","0.00","0.0",
"US1INTP0038","WEST LAFAYETTE 2.2 W, IN US","2020-09-28","0.37",,
"US1INTP0038","WEST LAFAYETTE 2.2 W, IN US","2020-09-29","0.14",,
"US1INTP0038","WEST LAFAYETTE 2.2 W, IN US","2020-09-30","0.00","0.0",
"US1INTP0038","WEST LAFAYETTE 2.2 W, IN US","2020-10-01","0.00","0.0",
"US1INTP0038","WEST LAFAYETTE 2.2 W, IN US","2020-10-02","0.00","0.0",
"US1INTP0038","WEST LAFAYETTE 2.2 W, IN US","2020-10-03","0.00","0.0",
"US1INTP0038","WEST LAFAYETTE 2.2 W, IN US","2020-10-04","0.29",,
"US1INTP0038","WEST LAFAYETTE 2.2 W, IN US","2020-10-05","0.16",,
"US1INTP0038","WEST LAFAYETTE 2.2 W, IN US","2020-10-06","0.00","0.0",
"US1INTP0038","WEST LAFAYETTE 2.2 W, IN US","2020-10-07","0.00","0.0",
"US1INTP0038","WEST LAFAYETTE 2.2 W, IN US","2020-10-08","0.00","0.0",
"US1INTP0038","WEST LAFAYETTE 2.2 W, IN US","2020-10-09","0.00","0.0",
"US1INTP0038","WEST LAFAYETTE 2.2 W, IN US","2020-10-10","0.00","0.0",
"US1INTP0038","WEST LAFAYETTE 2.2 W, IN US","2020-10-11","0.00","0.0",
"US1INTP0038","WEST LAFAYETTE 2.2 W, IN US","2020-10-12","0.00","0.0",
"US1INTP0038","WEST LAFAYETTE 2.2 W, IN US","2020-10-13","0.07",,
"US1INTP0038","WEST LAFAYETTE 2.2 W, IN US","2020-10-14","0.00","0.0",
"US1INTP0038","WEST LAFAYETTE 2.2 W, IN US","2020-10-15","0.05",,
"US1INTP0038","WEST LAFAYETTE 2.2 W, IN US","2020-10-16","0.03",,
"US1INTP0038","WEST LAFAYETTE 2.2 W, IN US","2020-10-17","0.00","0.0",
"US1INTP0038","WEST LAFAYETTE 2.2 W, IN US","2020-10-18","0.00","0.0",
"US1INTP0038","WEST LAFAYETTE 2.2 W, IN US","2020-10-19","0.17",,
"US1INTP0038","WEST LAFAYETTE 2.2 W, IN US","2020-10-20","0.03",,
"US1INTP0038","WEST LAFAYETTE 2.2 W, IN US","2020-10-21","1.33",,
"US1INTP0038","WEST LAFAYETTE 2.2 W, IN US","2020-10-22","0.24",,
"US1INTP0038","WEST LAFAYETTE 2.2 W, IN US","2020-10-23","0.00","0.0",
"US1INTP0038","WEST LAFAYETTE 2.2 W, IN US","2020-10-24","0.09",,
"US1INTP0038","WEST LAFAYETTE 2.2 W, IN US","2020-10-25","0.00","0.0",
"US1INTP0038","WEST LAFAYETTE 2.2 W, IN US","2020-10-26","0.02",,
"US1INTP0038","WEST LAFAYETTE 2.2 W, IN US","2020-10-27","0.00",,
"US1INTP0038","WEST LAFAYETTE 2.2 W, IN US","2020-10-28","0.13",,
"US1INTP0038","WEST LAFAYETTE 2.2 W, IN US","2020-10-29","0.21",,
"US1INTP0038","WEST LAFAYETTE 2.2 W, IN US","2020-10-30","0.00",,
"US1INTP0038","WEST LAFAYETTE 2.2 W, IN US","2020-10-31","0.00","0.0",
"US1INTP0038","WEST LAFAYETTE 2.2 W, IN US","2020-11-01","0.00","0.0",
"US1INTP0038","WEST LAFAYETTE 2.2 W, IN US","2020-11-02","0.00","0.0",
"US1INTP0038","WEST LAFAYETTE 2.2 W, IN US","2020-11-03","0.00","0.0",
"US1INTP0038","WEST LAFAYETTE 2.2 W, IN US","2020-11-04","0.00","0.0",
"US1INTP0038","WEST LAFAYETTE 2.2 W, IN US","2020-11-05","0.00","0.0",
"US1INTP0038","WEST LAFAYETTE 2.2 W, IN US","2020-11-06","0.00","0.0",
"US1INTP0038","WEST LAFAYETTE 2.2 W, IN US","2020-11-07","0.00","0.0",
"US1INTP0038","WEST LAFAYETTE 2.2 W, IN US","2020-11-08","0.00","0.0",
"US1INTP0038","WEST LAFAYETTE 2.2 W, IN US","2020-11-09","0.00","0.0",
"US1INTP0038","WEST LAFAYETTE 2.2 W, IN US","2020-11-10","0.00","0.0",
"US1INTP0038","WEST LAFAYETTE 2.2 W, IN US","2020-11-11","0.23",,
"US1INTP0038","WEST LAFAYETTE 2.2 W, IN US","2020-11-12","0.00","0.0",
"US1INTP0038","WEST LAFAYETTE 2.2 W, IN US","2020-11-13","0.00","0.0",
"US1INTP0038","WEST LAFAYETTE 2.2 W, IN US","2020-11-14","0.00","0.0",
"US1INTP0038","WEST LAFAYETTE 2.2 W, IN US","2020-11-15","0.84",,
"US1INTP0038","WEST LAFAYETTE 2.2 W, IN US","2020-11-16","0.01",,
"US1INTP0038","WEST LAFAYETTE 2.2 W, IN US","2020-11-17","0.00","0.0",
"US1INTP0038","WEST LAFAYETTE 2.2 W, IN US","2020-11-18","0.00","0.0",
"US1INTP0038","WEST LAFAYETTE 2.2 W, IN US","2020-11-19","0.00","0.0",
"US1INTP0038","WEST LAFAYETTE 2.2 W, IN US","2020-11-20","0.00","0.0",
"US1INTP0038","WEST LAFAYETTE 2.2 W, IN US","2020-11-21","0.00","0.0",
"US1INTP0038","WEST LAFAYETTE 2.2 W, IN US","2020-11-22","0.65",,
"US1INTP0038","WEST LAFAYETTE 2.2 W, IN US","2020-11-23","0.19",,
"US1INTP0038","WEST LAFAYETTE 2.2 W, IN US","2020-11-24","0.05",,
"US1INTP0038","WEST LAFAYETTE 2.2 W, IN US","2020-11-25","0.14",,
"US1INTP0038","WEST LAFAYETTE 2.2 W, IN US","2020-11-26","0.55",,
"US1INTP0038","WEST LAFAYETTE 2.2 W, IN US","2020-11-27","0.00","0.0",
"US1INTP0038","WEST LAFAYETTE 2.2 W, IN US","2020-11-28","0.00","0.0",
"US1INTP0038","WEST LAFAYETTE 2.2 W, IN US","2020-11-29","0.00","0.0",
"US1INTP0038","WEST LAFAYETTE 2.2 W, IN US","2020-11-30","0.04",,
"US1INTP0038","WEST LAFAYETTE 2.2 W, IN US","2020-12-01","0.00",,
"US1INTP0038","WEST LAFAYETTE 2.2 W, IN US","2020-12-02","0.00","0.0",
"US1INTP0038","WEST LAFAYETTE 2.2 W, IN US","2020-12-03","0.00","0.0",
"US1INTP0038","WEST LAFAYETTE 2.2 W, IN US","2020-12-04","0.00","0.0",
"US1INTP0038","WEST LAFAYETTE 2.2 W, IN US","2020-12-05","0.00","0.0",
"US1INTP0038","WEST LAFAYETTE 2.2 W, IN US","2020-12-06","0.00","0.0",
"US1INTP0038","WEST LAFAYETTE 2.2 W, IN US","2020-12-07","0.00","0.0",
"US1INTP0038","WEST LAFAYETTE 2.2 W, IN US","2020-12-08","0.00","0.0",
"US1INTP0038","WEST LAFAYETTE 2.2 W, IN US","2020-12-09","0.04",,
"US1INTP0038","WEST LAFAYETTE 2.2 W, IN US","2020-12-10","0.00","0.0",
"US1INTP0038","WEST LAFAYETTE 2.2 W, IN US","2020-12-11","0.00","0.0",
"US1INTP0038","WEST LAFAYETTE 2.2 W, IN US","2020-12-12","0.84",,
"US1INTP0038","WEST LAFAYETTE 2.2 W, IN US","2020-12-13","0.09",,
"US1INTP0038","WEST LAFAYETTE 2.2 W, IN US","2020-12-14","0.00","0.0",
"US1INTP0038","WEST LAFAYETTE 2.2 W, IN US","2020-12-15","0.00","0.0",
"US1INTP0038","WEST LAFAYETTE 2.2 W, IN US","2020-12-16","0.15","2.1","2.1"
"US1INTP0038","WEST LAFAYETTE 2.2 W, IN US","2020-12-17","0.00",,
"US1INTP0038","WEST LAFAYETTE 2.2 W, IN US","2020-12-18","0.00",,
"US1INTP0038","WEST LAFAYETTE 2.2 W, IN US","2020-12-19","0.00","0.0",
"US1INTP0038","WEST LAFAYETTE 2.2 W, IN US","2020-12-20","0.00","0.0",
"US1INTP0038","WEST LAFAYETTE 2.2 W, IN US","2020-12-21","0.00","0.0",
"US1INTP0038","WEST LAFAYETTE 2.2 W, IN US","2020-12-22","0.00","0.0",
"US1INTP0038","WEST LAFAYETTE 2.2 W, IN US","2020-12-23","0.00","0.0",
"US1INTP0038","WEST LAFAYETTE 2.2 W, IN US","2020-12-24","0.51",,
"US1INTP0038","WEST LAFAYETTE 2.2 W, IN US","2020-12-25","0.00",,
"US1INTP0038","WEST LAFAYETTE 2.2 W, IN US","2020-12-26","0.00","0.0",
"US1INTP0038","WEST LAFAYETTE 2.2 W, IN US","2020-12-27","0.00","0.0",
"US1INTP0038","WEST LAFAYETTE 2.2 W, IN US","2020-12-28","0.04",,
"US1INTP0038","WEST LAFAYETTE 2.2 W, IN US","2020-12-29","0.00","0.0",
"US1INTP0038","WEST LAFAYETTE 2.2 W, IN US","2020-12-30","0.24",,
"US1INTP0038","WEST LAFAYETTE 2.2 W, IN US","2020-12-31","0.22",,
"US1INTP0038","WEST LAFAYETTE 2.2 W, IN US","2021-01-01","0.05",,
"US1INTP0038","WEST LAFAYETTE 2.2 W, IN US","2021-04-29","1.56",,
"US1INTP0038","WEST LAFAYETTE 2.2 W, IN US","2021-04-30","0.02",,
"US1INTP0038","WEST LAFAYETTE 2.2 W, IN US","2021-05-01","0.00","0.0",
"US1INTP0038","WEST LAFAYETTE 2.2 W, IN US","2021-05-02","0.00","0.0",
"US1INTP0038","WEST LAFAYETTE 2.2 W, IN US","2021-05-03","0.24",,
"US1INTP0038","WEST LAFAYETTE 2.2 W, IN US","2021-05-04","0.14",,
"US1INTP0038","WEST LAFAYETTE 2.2 W, IN US","2021-05-05","0.08",,
"US1INTP0038","WEST LAFAYETTE 2.2 W, IN US","2021-05-06","0.00","0.0",
"US1INTP0038","WEST LAFAYETTE 2.2 W, IN US","2021-05-07","0.36",,
"US1INTP0038","WEST LAFAYETTE 2.2 W, IN US","2021-05-08","0.02",,
"US1INTP0038","WEST LAFAYETTE 2.2 W, IN US","2021-05-09","1.41",,
"US1INTP0038","WEST LAFAYETTE 2.2 W, IN US","2021-05-10","0.44",,
"US1INTP0038","WEST LAFAYETTE 2.2 W, IN US","2021-05-11","0.22",,
"US1INTP0038","WEST LAFAYETTE 2.2 W, IN US","2021-05-12","0.00","0.0",
"US1INTP0038","WEST LAFAYETTE 2.2 W, IN US","2021-05-13","0.00","0.0",
"US1INTP0038","WEST LAFAYETTE 2.2 W, IN US","2021-05-14","0.00","0.0",
"US1INTP0038","WEST LAFAYETTE 2.2 W, IN US","2021-05-15","0.00","0.0",
"US1INTP0038","WEST LAFAYETTE 2.2 W, IN US","2021-05-16","0.02",,
"US1INTP0038","WEST LAFAYETTE 2.2 W, IN US","2021-05-17","0.36",,
"US1INTP0038","WEST LAFAYETTE 2.2 W, IN US","2021-05-18","0.13",,
"US1INTP0038","WEST LAFAYETTE 2.2 W, IN US","2021-05-19","0.01",,
"US1INTP0038","WEST LAFAYETTE 2.2 W, IN US","2021-05-20","0.00",,
"US1INTP0038","WEST LAFAYETTE 2.2 W, IN US","2021-05-21","0.00","0.0",
"US1INTP0038","WEST LAFAYETTE 2.2 W, IN US","2021-05-22","0.00","0.0",
"US1INTP0038","WEST LAFAYETTE 2.2 W, IN US","2021-05-23","0.00","0.0",
"US1INTP0038","WEST LAFAYETTE 2.2 W, IN US","2021-05-24","0.00","0.0",
"US1INTP0038","WEST LAFAYETTE 2.2 W, IN US","2021-05-25","0.00","0.0",
"US1INTP0038","WEST LAFAYETTE 2.2 W, IN US","2021-05-26","0.47",,
"US1INTP0038","WEST LAFAYETTE 2.2 W, IN US","2021-05-27","0.35",,
"US1INTP0038","WEST LAFAYETTE 2.2 W, IN US","2021-05-28","0.41",,
"US1INTP0038","WEST LAFAYETTE 2.2 W, IN US","2021-05-29","0.35",,
"US1INTP0038","WEST LAFAYETTE 2.2 W, IN US","2021-05-30","0.00","0.0",
"US1INTP0038","WEST LAFAYETTE 2.2 W, IN US","2021-05-31","0.00","0.0",
"US1INTP0038","WEST LAFAYETTE 2.2 W, IN US","2021-06-01","0.00","0.0",
"US1INTP0038","WEST LAFAYETTE 2.2 W, IN US","2021-06-02","0.00",,
"US1INTP0038","WEST LAFAYETTE 2.2 W, IN US","2021-06-03","0.03",,
"US1INTP0038","WEST LAFAYETTE 2.2 W, IN US","2021-06-04","0.00","0.0",
"US1INTP0038","WEST LAFAYETTE 2.2 W, IN US","2021-06-05","0.00","0.0",
"US1INTP0038","WEST LAFAYETTE 2.2 W, IN US","2021-06-06","0.00","0.0",
"US1INTP0038","WEST LAFAYETTE 2.2 W, IN US","2021-06-07","0.02",,
"US1INTP0038","WEST LAFAYETTE 2.2 W, IN US","2021-06-08","0.22",,
"US1INTP0038","WEST LAFAYETTE 2.2 W, IN US","2021-06-09","0.00","0.0",
"US1INTP0038","WEST LAFAYETTE 2.2 W, IN US","2021-06-10","0.02",,
"US1INTP0038","WEST LAFAYETTE 2.2 W, IN US","2021-06-11","0.00","0.0",
"US1INTP0038","WEST LAFAYETTE 2.2 W, IN US","2021-06-12","0.00","0.0",
"US1INTP0038","WEST LAFAYETTE 2.2 W, IN US","2021-06-13","0.12",,
"US1INTP0038","WEST LAFAYETTE 2.2 W, IN US","2021-06-14","0.00","0.0",
"US1INTP0038","WEST LAFAYETTE 2.2 W, IN US","2021-06-15","0.00","0.0",
"US1INTP0038","WEST LAFAYETTE 2.2 W, IN US","2021-06-16","0.00","0.0",
"US1INTP0038","WEST LAFAYETTE 2.2 W, IN US","2021-06-17","0.00","0.0",
"US1INTP0038","WEST LAFAYETTE 2.2 W, IN US","2021-06-18","0.00",,
"US1INTP0038","WEST LAFAYETTE 2.2 W, IN US","2021-06-19","0.92",,
"US1INTP0038","WEST LAFAYETTE 2.2 W, IN US","2021-06-20","0.00","0.0",
"US1INTP0038","WEST LAFAYETTE 2.2 W, IN US","2021-06-21","0.04",,
"US1INTP0038","WEST LAFAYETTE 2.2 W, IN US","2021-06-22","0.00","0.0",
"US1INTP0038","WEST LAFAYETTE 2.2 W, IN US","2021-06-23","0.00","0.0",
"US1INTP0038","WEST LAFAYETTE 2.2 W, IN US","2021-06-24","0.00",,
"US1INTP0038","WEST LAFAYETTE 2.2 W, IN US","2021-06-25","1.25",,
"US1INTP0038","WEST LAFAYETTE 2.2 W, IN US","2021-06-26","0.77",,
"US1INTP0038","WEST LAFAYETTE 2.2 W, IN US","2021-06-27","0.51",,
"US1INTP0038","WEST LAFAYETTE 2.2 W, IN US","2021-06-28","2.13",,
"US1INTP0038","WEST LAFAYETTE 2.2 W, IN US","2021-06-29","0.00","0.0",
"US1INTP0038","WEST LAFAYETTE 2.2 W, IN US","2021-06-30","0.00",,
"US1INTP0038","WEST LAFAYETTE 2.2 W, IN US","2021-07-01","0.17",,
"US1INTP0038","WEST LAFAYETTE 2.2 W, IN US","2021-07-02","0.00","0.0",
"US1INTP0038","WEST LAFAYETTE 2.2 W, IN US","2021-07-03","0.00","0.0",
"US1INTP0038","WEST LAFAYETTE 2.2 W, IN US","2021-07-04","0.00","0.0",
"US1INTP0038","WEST LAFAYETTE 2.2 W, IN US","2021-07-05","0.00","0.0",
"US1INTP0038","WEST LAFAYETTE 2.2 W, IN US","2021-07-06","0.00","0.0",
"US1INTP0038","WEST LAFAYETTE 2.2 W, IN US","2021-07-07","0.00","0.0",
"US1INTP0038","WEST LAFAYETTE 2.2 W, IN US","2021-07-08","2.62",,
"US1INTP0038","WEST LAFAYETTE 2.2 W, IN US","2021-07-09","0.61",,
"US1INTP0038","WEST LAFAYETTE 2.2 W, IN US","2021-07-10","0.01",,
"US1INTP0038","WEST LAFAYETTE 2.2 W, IN US","2021-07-11","0.27",,
"US1INTP0038","WEST LAFAYETTE 2.2 W, IN US","2021-07-12","0.03",,
"US1INTP0038","WEST LAFAYETTE 2.2 W, IN US","2021-07-13","0.43",,
"US1INTP0038","WEST LAFAYETTE 2.2 W, IN US","2021-07-14","0.11",,
"US1INTP0038","WEST LAFAYETTE 2.2 W, IN US","2021-07-15","0.00","0.0",
"US1INTP0038","WEST LAFAYETTE 2.2 W, IN US","2021-07-16","0.99",,
"US1INTP0038","WEST LAFAYETTE 2.2 W, IN US","2021-07-17","0.16",,
"US1INTP0038","WEST LAFAYETTE 2.2 W, IN US","2021-07-18","0.04",,
"US1INTP0038","WEST LAFAYETTE 2.2 W, IN US","2021-07-19","0.00","0.0",
"US1INTP0038","WEST LAFAYETTE 2.2 W, IN US","2021-07-20","0.00","0.0",
"US1INTP0038","WEST LAFAYETTE 2.2 W, IN US","2021-07-21","0.00","0.0",
"US1INTP0038","WEST LAFAYETTE 2.2 W, IN US","2021-07-22","0.00","0.0",
"US1INTP0038","WEST LAFAYETTE 2.2 W, IN US","2021-07-23","0.00","0.0",
"US1INTP0038","WEST LAFAYETTE 2.2 W, IN US","2021-07-24","0.00","0.0",
"US1INTP0038","WEST LAFAYETTE 2.2 W, IN US","2021-07-25","0.00",,
"US1INTP0038","WEST LAFAYETTE 2.2 W, IN US","2021-07-26","0.00","0.0",
"US1INTP0038","WEST LAFAYETTE 2.2 W, IN US","2021-07-27","0.00","0.0",
"US1INTP0038","WEST LAFAYETTE 2.2 W, IN US","2021-07-28","0.00","0.0",
"US1INTP0038","WEST LAFAYETTE 2.2 W, IN US","2021-07-29","0.00",,
"US1INTP0038","WEST LAFAYETTE 2.2 W, IN US","2021-07-30","0.22",,
"US1INTP0038","WEST LAFAYETTE 2.2 W, IN US","2021-07-31","0.00","0.0",
"US1INTP0038","WEST LAFAYETTE 2.2 W, IN US","2021-08-01","0.00","0.0",
"US1INTP0038","WEST LAFAYETTE 2.2 W, IN US","2021-08-02","0.00","0.0",
"US1INTP0038","WEST LAFAYETTE 2.2 W, IN US","2021-08-03","0.00","0.0",
"US1INTP0038","WEST LAFAYETTE 2.2 W, IN US","2021-08-04","0.00","0.0",
"US1INTP0038","WEST LAFAYETTE 2.2 W, IN US","2021-08-05","0.00","0.0",
"US1INTP0038","WEST LAFAYETTE 2.2 W, IN US","2021-08-06","0.00","0.0",
"US1INTP0038","WEST LAFAYETTE 2.2 W, IN US","2021-08-07","0.00","0.0",
"US1INTP0038","WEST LAFAYETTE 2.2 W, IN US","2021-08-08","0.00","0.0",
"US1INTP0038","WEST LAFAYETTE 2.2 W, IN US","2021-08-09","0.00","0.0",
"US1INTP0038","WEST LAFAYETTE 2.2 W, IN US","2021-08-10","0.00","0.0",
"US1INTP0038","WEST LAFAYETTE 2.2 W, IN US","2021-08-11","0.03",,
"US1INTP0038","WEST LAFAYETTE 2.2 W, IN US","2021-08-12","0.00",,
"US1INTP0038","WEST LAFAYETTE 2.2 W, IN US","2021-08-13","0.48",,
"US1INTP0038","WEST LAFAYETTE 2.2 W, IN US","2021-08-14","0.00",,
"US1INTP0038","WEST LAFAYETTE 2.2 W, IN US","2021-08-15","0.00","0.0",
"US1INTP0038","WEST LAFAYETTE 2.2 W, IN US","2021-08-16","0.00","0.0",
"US1INTP0038","WEST LAFAYETTE 2.2 W, IN US","2021-08-17","0.00","0.0",
"US1INTP0038","WEST LAFAYETTE 2.2 W, IN US","2021-08-18","0.26",,
"US1INTP0038","WEST LAFAYETTE 2.2 W, IN US","2021-08-19","0.00",,
"US1INTP0038","WEST LAFAYETTE 2.2 W, IN US","2021-08-20","0.02",,
"US1INTP0038","WEST LAFAYETTE 2.2 W, IN US","2021-08-21","0.00","0.0",
"US1INTP0038","WEST LAFAYETTE 2.2 W, IN US","2021-08-22","0.00","0.0",
"US1INTP0038","WEST LAFAYETTE 2.2 W, IN US","2021-08-23","0.00","0.0",
"US1INTP0038","WEST LAFAYETTE 2.2 W, IN US","2021-08-24","0.00","0.0",
"US1INTP0038","WEST LAFAYETTE 2.2 W, IN US","2021-08-25","0.22",,
"US1INTP0038","WEST LAFAYETTE 2.2 W, IN US","2021-08-26","0.90",,
"US1INTP0038","WEST LAFAYETTE 2.2 W, IN US","2021-08-27","0.09",,
"US1INTP0038","WEST LAFAYETTE 2.2 W, IN US","2021-08-28","0.00","0.0",
"US1INTP0038","WEST LAFAYETTE 2.2 W, IN US","2021-08-29","0.00","0.0",
"US1INTP0038","WEST LAFAYETTE 2.2 W, IN US","2021-08-30","0.02",,
"US1INTP0038","WEST LAFAYETTE 2.2 W, IN US","2021-08-31","0.00","0.0",
"US1INTP0038","WEST LAFAYETTE 2.2 W, IN US","2021-09-01","0.00","0.0",
"US1INTP0038","WEST LAFAYETTE 2.2 W, IN US","2021-09-02","0.00","0.0",
"US1INTP0038","WEST LAFAYETTE 2.2 W, IN US","2021-09-03","0.00","0.0",
"US1INTP0038","WEST LAFAYETTE 2.2 W, IN US","2021-09-04","0.00",,
"US1INTP0038","WEST LAFAYETTE 2.2 W, IN US","2021-09-05","0.16",,
"US1INTP0038","WEST LAFAYETTE 2.2 W, IN US","2021-09-06","0.00","0.0",
"US1INTP0038","WEST LAFAYETTE 2.2 W, IN US","2021-09-07","0.00",,
"US1INTP0038","WEST LAFAYETTE 2.2 W, IN US","2021-09-08","0.33",,
"US1INTP0038","WEST LAFAYETTE 2.2 W, IN US","2021-09-09","0.00","0.0",
"US1INTP0038","WEST LAFAYETTE 2.2 W, IN US","2021-09-10","0.00","0.0",
"US1INTP0038","WEST LAFAYETTE 2.2 W, IN US","2021-09-11","0.00","0.0",
"US1INTP0038","WEST LAFAYETTE 2.2 W, IN US","2021-09-12","0.00","0.0",
"US1INTP0038","WEST LAFAYETTE 2.2 W, IN US","2021-09-13","0.00","0.0",
"US1INTP0038","WEST LAFAYETTE 2.2 W, IN US","2021-09-14","0.00",,
"US1INTP0038","WEST LAFAYETTE 2.2 W, IN US","2021-09-15","0.00",,
"US1INTP0038","WEST LAFAYETTE 2.2 W, IN US","2021-09-16","0.00","0.0",
"US1INTP0038","WEST LAFAYETTE 2.2 W, IN US","2021-09-17","0.00","0.0",
"US1INTP0038","WEST LAFAYETTE 2.2 W, IN US","2021-09-18","0.00","0.0",
"US1INTP0038","WEST LAFAYETTE 2.2 W, IN US","2021-09-19","0.00","0.0",
"US1INTP0038","WEST LAFAYETTE 2.2 W, IN US","2021-09-20","0.15",,
"US1INTP0038","WEST LAFAYETTE 2.2 W, IN US","2021-09-21","0.41",,
"US1INTP0038","WEST LAFAYETTE 2.2 W, IN US","2021-09-22","0.81",,
"US1INTP0038","WEST LAFAYETTE 2.2 W, IN US","2021-09-23","0.39",,
"US1INTP0038","WEST LAFAYETTE 2.2 W, IN US","2021-09-24","0.00","0.0",
"US1INTP0038","WEST LAFAYETTE 2.2 W, IN US","2021-09-25","0.33",,
"US1INTP0038","WEST LAFAYETTE 2.2 W, IN US","2021-09-26","0.00","0.0",
"US1INTP0038","WEST LAFAYETTE 2.2 W, IN US","2021-09-27","0.00","0.0",
"US1INTP0038","WEST LAFAYETTE 2.2 W, IN US","2021-09-28","0.00","0.0",
"US1INTP0038","WEST LAFAYETTE 2.2 W, IN US","2021-09-29","0.00","0.0",
"US1INTP0038","WEST LAFAYETTE 2.2 W, IN US","2021-09-30","0.00","0.0",
"US1INTP0038","WEST LAFAYETTE 2.2 W, IN US","2021-10-01","0.00","0.0",
"US1INTP0038","WEST LAFAYETTE 2.2 W, IN US","2021-10-02","0.01",,
"US1INTP0038","WEST LAFAYETTE 2.2 W, IN US","2021-10-03","2.27",,
"US1INTP0038","WEST LAFAYETTE 2.2 W, IN US","2021-10-04","0.39",,
"US1INTP0038","WEST LAFAYETTE 2.2 W, IN US","2021-10-05","0.13",,
"US1INTP0038","WEST LAFAYETTE 2.2 W, IN US","2021-10-06","0.03",,
"US1INTP0038","WEST LAFAYETTE 2.2 W, IN US","2021-10-07","0.46",,
"US1INTP0038","WEST LAFAYETTE 2.2 W, IN US","2021-10-08","0.01",,
"US1INTP0038","WEST LAFAYETTE 2.2 W, IN US","2021-10-09","0.00","0.0",
"US1INTP0038","WEST LAFAYETTE 2.2 W, IN US","2021-10-10","0.01",,
"US1INTP0038","WEST LAFAYETTE 2.2 W, IN US","2021-10-11","0.00","0.0",
"US1INTP0038","WEST LAFAYETTE 2.2 W, IN US","2021-10-12","1.03",,
"US1INTP0038","WEST LAFAYETTE 2.2 W, IN US","2021-10-13","0.00",,
"US1INTP0038","WEST LAFAYETTE 2.2 W, IN US","2021-10-14","0.09",,
"US1INTP0038","WEST LAFAYETTE 2.2 W, IN US","2021-10-15","1.51",,
"US1INTP0038","WEST LAFAYETTE 2.2 W, IN US","2021-10-16","0.44",,
"US1INTP0038","WEST LAFAYETTE 2.2 W, IN US","2021-10-17","0.00","0.0",
"US1INTP0038","WEST LAFAYETTE 2.2 W, IN US","2021-10-18","0.00","0.0",
"US1INTP0038","WEST LAFAYETTE 2.2 W, IN US","2021-10-19","0.00","0.0",
"US1INTP0038","WEST LAFAYETTE 2.2 W, IN US","2021-10-20","0.00","0.0",
"US1INTP0038","WEST LAFAYETTE 2.2 W, IN US","2021-10-22","0.01",,
"US1INTP0038","WEST LAFAYETTE 2.2 W, IN US","2021-10-23","0.16",,
"US1INTP0038","WEST LAFAYETTE 2.2 W, IN US","2021-10-24","0.00","0.0",
"US1INTP0038","WEST LAFAYETTE 2.2 W, IN US","2021-10-25","3.01",,
"US1INTP0038","WEST LAFAYETTE 2.2 W, IN US","2021-10-26","0.17",,
"US1INTP0038","WEST LAFAYETTE 2.2 W, IN US","2021-10-27","0.00","0.0",
"US1INTP0038","WEST LAFAYETTE 2.2 W, IN US","2021-10-28","0.00","0.0",
"US1INTP0038","WEST LAFAYETTE 2.2 W, IN US","2021-10-29","0.33",,
"US1INTP0038","WEST LAFAYETTE 2.2 W, IN US","2021-10-30","0.36",,
"US1INTP0038","WEST LAFAYETTE 2.2 W, IN US","2021-10-31","0.00",,
"US1INTP0038","WEST LAFAYETTE 2.2 W, IN US","2021-11-01","0.00","0.0",
"US1INTP0038","WEST LAFAYETTE 2.2 W, IN US","2021-11-02","0.00","0.0",
"US1INTP0038","WEST LAFAYETTE 2.2 W, IN US","2021-11-03","0.00","0.0",
"US1INTP0038","WEST LAFAYETTE 2.2 W, IN US","2021-11-04","0.00","0.0",
"US1INTP0038","WEST LAFAYETTE 2.2 W, IN US","2021-11-05","0.00","0.0",
"US1INTP0038","WEST LAFAYETTE 2.2 W, IN US","2021-11-06","0.00","0.0",
"US1INTP0038","WEST LAFAYETTE 2.2 W, IN US","2021-11-07","0.00","0.0",
"US1INTP0038","WEST LAFAYETTE 2.2 W, IN US","2021-11-08","0.00","0.0",
"US1INTP0038","WEST LAFAYETTE 2.2 W, IN US","2021-11-09","0.00","0.0",
"US1INTP0038","WEST LAFAYETTE 2.2 W, IN US","2021-11-10","0.00","0.0",
"US1INTP0038","WEST LAFAYETTE 2.2 W, IN US","2022-04-14","1.13",,
"US1INTP0038","WEST LAFAYETTE 2.2 W, IN US","2022-04-15","0.00","0.0",
"US1INTP0038","WEST LAFAYETTE 2.2 W, IN US","2022-04-16","0.07",,
"US1INTP0038","WEST LAFAYETTE 2.2 W, IN US","2022-04-17","0.00","0.0",
"US1INTP0038","WEST LAFAYETTE 2.2 W, IN US","2022-04-18","0.12",,
"US1INTP0038","WEST LAFAYETTE 2.2 W, IN US","2022-07-06","0.00","0.0",
"US1INTP0038","WEST LAFAYETTE 2.2 W, IN US","2022-07-07","0.17",,
"US1INTP0038","WEST LAFAYETTE 2.2 W, IN US","2022-07-08","0.26",,
"US1INTP0038","WEST LAFAYETTE 2.2 W, IN US","2022-07-09","0.36",,
"US1INTP0038","WEST LAFAYETTE 2.2 W, IN US","2022-07-10","0.00","0.0",
"US1INTP0038","WEST LAFAYETTE 2.2 W, IN US","2022-07-12","0.00","0.0",
"US1INTP0038","WEST LAFAYETTE 2.2 W, IN US","2022-07-13","0.00","0.0",
"US1INTP0038","WEST LAFAYETTE 2.2 W, IN US","2022-07-14","0.19",,
"US1INTP0038","WEST LAFAYETTE 2.2 W, IN US","2022-07-15","0.00","0.0",
"US1INTP0038","WEST LAFAYETTE 2.2 W, IN US","2022-07-16","0.15",,
"US1INTP0038","WEST LAFAYETTE 2.2 W, IN US","2022-07-17","0.31",,
"US1INTP0038","WEST LAFAYETTE 2.2 W, IN US","2022-07-18","0.03",,
"US1INTP0038","WEST LAFAYETTE 2.2 W, IN US","2022-07-19","0.00","0.0",
"US1INTP0038","WEST LAFAYETTE 2.2 W, IN US","2022-07-20","0.00","0.0",
"US1INTP0038","WEST LAFAYETTE 2.2 W, IN US","2022-07-21","0.00","0.0",
"US1INTP0038","WEST LAFAYETTE 2.2 W, IN US","2022-07-22","0.00","0.0",
"US1INTP0038","WEST LAFAYETTE 2.2 W, IN US","2022-07-23","0.00","0.0",
"US1INTP0038","WEST LAFAYETTE 2.2 W, IN US","2022-07-24","0.53",,
"US1INTP0038","WEST LAFAYETTE 2.2 W, IN US","2022-07-25","0.25",,
"US1INTP0038","WEST LAFAYETTE 2.2 W, IN US","2022-07-26","0.00","0.0",
"US1INTP0038","WEST LAFAYETTE 2.2 W, IN US","2022-07-27","0.01",,
"US1INTP0038","WEST LAFAYETTE 2.2 W, IN US","2022-07-28","0.02",,
"US1INTP0038","WEST LAFAYETTE 2.2 W, IN US","2022-07-29","0.00","0.0",
"US1INTP0038","WEST LAFAYETTE 2.2 W, IN US","2022-07-30","0.00","0.0",
"US1INTP0038","WEST LAFAYETTE 2.2 W, IN US","2022-07-31","0.00","0.0",
"US1INTP0038","WEST LAFAYETTE 2.2 W, IN US","2022-08-01","0.02",,
"US1INTP0038","WEST LAFAYETTE 2.2 W, IN US","2022-08-02","0.08",,
"US1INTP0038","WEST LAFAYETTE 2.2 W, IN US","2022-08-03","0.00","0.0",
"US1INTP0038","WEST LAFAYETTE 2.2 W, IN US","2022-08-04","1.13",,
"US1INTP0038","WEST LAFAYETTE 2.2 W, IN US","2022-08-05","0.00",,
"US1INTP0038","WEST LAFAYETTE 2.2 W, IN US","2022-08-06","0.28",,
"US1INTP0038","WEST LAFAYETTE 2.2 W, IN US","2022-08-07","0.00","0.0",
"US1INTP0038","WEST LAFAYETTE 2.2 W, IN US","2022-08-08","0.11",,
"US1INTP0038","WEST LAFAYETTE 2.2 W, IN US","2022-08-09","0.48",,
"US1INTP0038","WEST LAFAYETTE 2.2 W, IN US","2022-08-10","0.01",,
"US1INTP0038","WEST LAFAYETTE 2.2 W, IN US","2022-08-11","0.00","0.0",
"US1INTP0038","WEST LAFAYETTE 2.2 W, IN US","2022-08-12","0.00","0.0",
"US1INTP0038","WEST LAFAYETTE 2.2 W, IN US","2022-08-13","0.00","0.0",
"US1INTP0038","WEST LAFAYETTE 2.2 W, IN US","2022-08-14","0.73",,
"US1INTP0038","WEST LAFAYETTE 2.2 W, IN US","2022-08-15","0.00",,
"US1INTP0038","WEST LAFAYETTE 2.2 W, IN US","2022-08-16","0.00","0.0",
"US1INTP0038","WEST LAFAYETTE 2.2 W, IN US","2022-08-17","0.00","0.0",
"US1INTP0038","WEST LAFAYETTE 2.2 W, IN US","2022-08-18","0.00","0.0",
"US1INTP0038","WEST LAFAYETTE 2.2 W, IN US","2022-08-19","0.00","0.0",
"US1INTP0038","WEST LAFAYETTE 2.2 W, IN US","2022-08-20","0.00","0.0",
"US1INTP0038","WEST LAFAYETTE 2.2 W, IN US","2022-08-21","0.41",,
"US1INTP0038","WEST LAFAYETTE 2.2 W, IN US","2022-08-22","0.02",,
"US1INTP0038","WEST LAFAYETTE 2.2 W, IN US","2022-08-23","0.00","0.0",
"US1INTP0038","WEST LAFAYETTE 2.2 W, IN US","2022-08-24","0.00","0.0",
"US1INTP0038","WEST LAFAYETTE 2.2 W, IN US","2022-08-25","0.00","0.0",
"US1INTP0038","WEST LAFAYETTE 2.2 W, IN US","2022-08-26","0.19",,
"US1INTP0038","WEST LAFAYETTE 2.2 W, IN US","2022-08-27","0.00","0.0",
"US1INTP0038","WEST LAFAYETTE 2.2 W, IN US","2022-08-28","0.00","0.0",
"US1INTP0038","WEST LAFAYETTE 2.2 W, IN US","2022-08-29","0.31",,
"US1INTP0038","WEST LAFAYETTE 2.2 W, IN US","2022-08-30","1.93",,
"US1INTP0038","WEST LAFAYETTE 2.2 W, IN US","2022-08-31","0.00","0.0",
"US1INTP0038","WEST LAFAYETTE 2.2 W, IN US","2022-09-01","0.00","0.0",
"US1INTP0038","WEST LAFAYETTE 2.2 W, IN US","2022-09-02","0.00","0.0",
"US1INTP0038","WEST LAFAYETTE 2.2 W, IN US","2022-09-03","0.00","0.0",
"US1INTP0038","WEST LAFAYETTE 2.2 W, IN US","2022-09-04","0.00",,
"US1INTP0038","WEST LAFAYETTE 2.2 W, IN US","2022-09-05","0.00","0.0",
"US1INTP0038","WEST LAFAYETTE 2.2 W, IN US","2022-09-06","0.00","0.0",
"US1INTP0038","WEST LAFAYETTE 2.2 W, IN US","2022-09-07","0.00","0.0",
"US1INTP0038","WEST LAFAYETTE 2.2 W, IN US","2022-09-08","0.00","0.0",
"US1INTP0038","WEST LAFAYETTE 2.2 W, IN US","2022-09-09","0.00","0.0",
"US1INTP0038","WEST LAFAYETTE 2.2 W, IN US","2022-09-10","0.00","0.0",
"US1INTP0038","WEST LAFAYETTE 2.2 W, IN US","2022-09-11","1.18",,
"US1INTP0038","WEST LAFAYETTE 2.2 W, IN US","2022-09-12","0.39",,
"US1INTP0038","WEST LAFAYETTE 2.2 W, IN US","2022-09-13","0.07",,
"US1INTP0038","WEST LAFAYETTE 2.2 W, IN US","2022-09-14","0.00",,
"US1INTP0038","WEST LAFAYETTE 2.2 W, IN US","2022-09-15","0.00","0.0",
"US1INTP0038","WEST LAFAYETTE 2.2 W, IN US","2022-09-16","0.00","0.0",
"US1INTP0038","WEST LAFAYETTE 2.2 W, IN US","2022-09-17","0.00","0.0",
"US1INTP0038","WEST LAFAYETTE 2.2 W, IN US","2022-09-18","0.00","0.0",
"US1INTP0038","WEST LAFAYETTE 2.2 W, IN US","2022-09-19","0.27",,
"US1INTP0038","WEST LAFAYETTE 2.2 W, IN US","2022-09-20","0.00","0.0",
"US1INTP0038","WEST LAFAYETTE 2.2 W, IN US","2022-09-21","0.00","0.0",
"US1INTP0038","WEST LAFAYETTE 2.2 W, IN US","2022-09-22","0.00","0.0",
"US1INTP0038","WEST LAFAYETTE 2.2 W, IN US","2022-09-23","0.00","0.0",
"US1INTP0038","WEST LAFAYETTE 2.2 W, IN US","2022-09-24","0.17",,
"US1INTP0038","WEST LAFAYETTE 2.2 W, IN US","2022-09-25","0.07",,
"US1INTP0038","WEST LAFAYETTE 2.2 W, IN US","2022-09-26","0.00",,
"US1INTP0038","WEST LAFAYETTE 2.2 W, IN US","2022-09-27","0.00","0.0",
"US1INTP0038","WEST LAFAYETTE 2.2 W, IN US","2022-09-28","0.00","0.0",
"US1INTP0038","WEST LAFAYETTE 2.2 W, IN US","2022-09-29","0.00","0.0",
"US1INTP0038","WEST LAFAYETTE 2.2 W, IN US","2022-09-30","0.00","0.0",
"US1INTP0038","WEST LAFAYETTE 2.2 W, IN US","2022-10-01","0.00","0.0",
"US1INTP0038","WEST LAFAYETTE 2.2 W, IN US","2022-10-02","0.00","0.0",
"US1INTP0038","WEST LAFAYETTE 2.2 W, IN US","2022-10-03","0.00","0.0",
"US1INTP0038","WEST LAFAYETTE 2.2 W, IN US","2022-10-04","0.00","0.0",
"US1INTP0038","WEST LAFAYETTE 2.2 W, IN US","2022-10-05","0.00","0.0",
"US1INTP0038","WEST LAFAYETTE 2.2 W, IN US","2022-10-06","0.00",,
"US1INTP0038","WEST LAFAYETTE 2.2 W, IN US","2022-10-07","0.00","0.0",
"US1INTP0038","WEST LAFAYETTE 2.2 W, IN US","2022-10-08","0.00","0.0",
"US1INTP0038","WEST LAFAYETTE 2.2 W, IN US","2022-10-09","0.00","0.0",
"US1INTP0038","WEST LAFAYETTE 2.2 W, IN US","2022-10-10","0.00","0.0",
"US1INTP0038","WEST LAFAYETTE 2.2 W, IN US","2022-10-11","0.00","0.0",
"US1INTP0038","WEST LAFAYETTE 2.2 W, IN US","2022-10-12","0.07",,
"US1INTP0038","WEST LAFAYETTE 2.2 W, IN US","2022-10-13","0.19",,
"US1INTP0038","WEST LAFAYETTE 2.2 W, IN US","2022-10-14","0.00","0.0",
"US1INTP0038","WEST LAFAYETTE 2.2 W, IN US","2022-10-15","0.22",,
"US1INTP0038","WEST LAFAYETTE 2.2 W, IN US","2022-10-16","0.00","0.0",
"US1INTP0038","WEST LAFAYETTE 2.2 W, IN US","2022-10-17","0.00","0.0",
"US1INTP0038","WEST LAFAYETTE 2.2 W, IN US","2022-10-18","0.00","0.0",
"US1INTP0038","WEST LAFAYETTE 2.2 W, IN US","2022-10-19","0.00","0.0",
"US1INTP0038","WEST LAFAYETTE 2.2 W, IN US","2022-10-20","0.00","0.0",
"US1INTP0038","WEST LAFAYETTE 2.2 W, IN US","2022-10-21","0.00","0.0",
"US1INTP0038","WEST LAFAYETTE 2.2 W, IN US","2022-10-22","0.00","0.0",
"US1INTP0038","WEST LAFAYETTE 2.2 W, IN US","2022-10-23","0.00","0.0",
"US1INTP0038","WEST LAFAYETTE 2.2 W, IN US","2022-10-24","0.00","0.0",
"US1INTP0038","WEST LAFAYETTE 2.2 W, IN US","2022-10-25","0.00","0.0",
"US1INTP0038","WEST LAFAYETTE 2.2 W, IN US","2022-10-26","1.57",,
"US1INTP0038","WEST LAFAYETTE 2.2 W, IN US","2022-10-27","0.00","0.0",
"US1INTP0038","WEST LAFAYETTE 2.2 W, IN US","2022-10-28","0.00","0.0",
"US1INTP0038","WEST LAFAYETTE 2.2 W, IN US","2022-10-29","0.00","0.0",
"US1INTP0038","WEST LAFAYETTE 2.2 W, IN US","2022-10-30","0.00","0.0",
"US1INTP0038","WEST LAFAYETTE 2.2 W, IN US","2022-10-31","0.08",,
"US1INTP0038","WEST LAFAYETTE 2.2 W, IN US","2022-11-01","0.39",,
"US1INTP0038","WEST LAFAYETTE 2.2 W, IN US","2022-11-02","0.00","0.0",
"US1INTP0038","WEST LAFAYETTE 2.2 W, IN US","2022-11-03","0.00","0.0",
"US1INTP0038","WEST LAFAYETTE 2.2 W, IN US","2022-11-04","0.00","0.0",
"US1INTP0038","WEST LAFAYETTE 2.2 W, IN US","2022-11-05","0.06",,
"US1INTP0038","WEST LAFAYETTE 2.2 W, IN US","2022-11-06","0.23",,
"US1INTP0038","WEST LAFAYETTE 2.2 W, IN US","2022-11-07","0.00","0.0",
"US1INTP0038","WEST LAFAYETTE 2.2 W, IN US","2022-11-08","0.00","0.0",
"US1INTP0038","WEST LAFAYETTE 2.2 W, IN US","2022-11-09","0.00","0.0",
"US1INTP0038","WEST LAFAYETTE 2.2 W, IN US","2022-11-10","0.00","0.0",
"US1INTP0038","WEST LAFAYETTE 2.2 W, IN US","2022-11-11","0.00","0.0",
"US1INTP0038","WEST LAFAYETTE 2.2 W, IN US","2022-11-12","0.00","0.0",
"US1INTP0038","WEST LAFAYETTE 2.2 W, IN US","2022-11-13","0.00",,
"US1INTP0038","WEST LAFAYETTE 2.2 W, IN US","2022-11-14","0.00","0.0",
"US1INTP0038","WEST LAFAYETTE 2.2 W, IN US","2022-11-15","0.00","0.0",
"US1INTP0038","WEST LAFAYETTE 2.2 W, IN US","2022-11-16","0.08",,
